model,window_duration,overlap_ratio,num_windows,total_separation_time,average_window_time,std_window_time,sdr,sir,sar
resepformer-wsj02mix,2.0,0.0,4,5.28434944152832,1.32108736038208,0.22799472448439287,1.3370879243048812,7.79862214667141,3.324567219503512
